id,title,content,is_pinned,view_count,author_id,created_at,updated_at,file_url,links
aedde07b-67c8-48a6-8cb7-8f38ab7dd23d,π”” [ν•„μ] μ‹μ¤ν… μ κ²€ μ•λ‚΄,"μ •κΈ° μ‹μ¤ν… μ κ²€μ΄ μμ •λμ–΄ μμµλ‹λ‹¤.

μΌμ‹: 2025λ…„ 1μ›” 15μΌ 02:00~04:00
λ‚΄μ©: λ°μ΄ν„°λ² μ΄μ¤ μµμ ν™” λ° λ³΄μ• μ—…λ°μ΄νΈ
μ κ²€ μ‹κ°„ μ¤‘μ—λ” μ‹μ¤ν… μ ‘μ†μ΄ μΌμ‹μ μΌλ΅ μ ν•λ  μ μμµλ‹λ‹¤.",t,25,,2025-07-21 03:56:53.292732+00,2025-07-21 03:56:53.292732+00,[],
60b72ffa-7c67-44f6-9d52-b625811f67a0,π“ μ‹¤μ  μ…λ ¥ λ°©λ²• μ•λ‚΄,"μƒλ΅μ΄ μ‹¤μ  μ…λ ¥ λ°©λ²•μ— λ€ν•΄ μ•λ‚΄λ“λ¦½λ‹λ‹¤.

1. μ›”λ³„ μ‹¤μ  μ…λ ¥ μ‹ μ •ν™•ν• μ²λ°©μ „ μλ‰ ν™•μΈ
2. μ¦λΉ™μ„λ¥ μ²¨λ¶€ ν•„μ
3. κ²€μ μ™„λ£ ν›„ μ •μ‚° μ§„ν–‰

λ¬Έμμ‚¬ν•­μ€ κ³ κ°μ§€μ›ν€μΌλ΅ μ—°λ½ λ°”λλ‹λ‹¤.",f,48,,2025-07-21 03:56:53.292732+00,2025-07-21 03:56:53.292732+00,[],
8073b781-1203-4997-984c-51c9c3a23bba,π†• μƒλ΅μ΄ μ ν’ λ“±λ΅ μ•λ‚΄,"2025λ…„ 1μ›” μ‹ κ· μ ν’μ΄ λ“±λ΅λμ—μµλ‹λ‹¤.

λ„¤μ¤λ―Όμ • Plus 100mg
ν—¬μ¤μΌ€μ–΄μΊ΅μ 50mg
λ°”μ΄νƒμ • 75mg

μμ„Έν• μ ν’ μ •λ³΄λ” μ ν’ λ©λ΅μ—μ„ ν™•μΈν•μ„Έμ”.",f,15,,2025-07-21 03:56:53.292732+00,2025-07-21 03:56:53.292732+00,[],
4310a046-5145-41ca-a3bf-cfc676d6652d,π’° 1μ›” μ •μ‚° μΌμ • κ³µμ§€,"1μ›” μ •μ‚° κ΄€λ ¨ μΌμ •μ„ μ•λ‚΄λ“λ¦½λ‹λ‹¤.

μ‹¤μ  λ§κ°: 1μ›” 31μΌ 18:00
κ²€μ κΈ°κ°„: 2μ›” 1μΌ~5μΌ
μ •μ‚° μ™„λ£: 2μ›” 10μΌ μμ •

μ •ν™•ν• μ‹¤μ  μ…λ ¥ λ¶€νƒλ“λ¦½λ‹λ‹¤.",f,32,,2025-07-21 03:56:53.292732+00,2025-07-21 03:56:53.292732+00,[],
